<?xml version="1.0" encoding="UTF-8" standalone="yes"?>
<addon id="plugin.video.hgtv"
       name="HGTV"
       version="1.0.5"
       provider-name="divingmule">
  <requires>
    <import addon="xbmc.python" version="2.0"/>
    <import addon="script.module.beautifulsoup" version="3.0.8"/>
    <import addon="script.common.plugin.cache" version="0.9.1"/>
  </requires>
  <extension point="xbmc.python.pluginsource"
            library="default.py">
        <provides>video</provides>
  </extension>
  <extension point="xbmc.addon.metadata">
    <summary>Home and Garden TV</summary>
    <description>Full episodes from hgtv.com - These videos seem to be restricted to the U.S. only.</description>
    <disclaimer>Some parts of this addon may not be legal in your country of residence - please check with your local laws before installing.</disclaimer>
    <platform>all</platform>
  </extension>
</addon>