<?xml version="1.0" encoding="UTF-8"?>
<addon id="plugin.video.ign_com" name="IGN.com" version="2.0.3" provider-name="AddonScriptorDE">
    <requires>
        <import addon="xbmc.python" version="2.1.0"/>
    </requires>
    <extension point="xbmc.python.pluginsource" library="default.py">
        <provides>video</provides>
    </extension>
    <extension point="xbmc.addon.metadata">
        <platform>all</platform>
        <summary lang="en">Game and Movie trailers/reviews/news</summary>
        <language>en</language>
        <description lang="en">Game and Movie trailers/reviews/news</description>
    <platform>all</platform>
    </extension>
</addon>
