<?xml version="1.0" encoding="UTF-8"?>
<addon id="plugin.video.bestofyoutube_com" name="BestOfYoutube.com" version="2.0.7" provider-name="AddonScriptorDE">
    <requires>
        <import addon="xbmc.python" version="2.1.0"/>
        <import addon="plugin.video.youtube" version="3.0.0"/>
    </requires>
    <extension point="xbmc.python.pluginsource" library="default.py">
        <provides>video</provides>
    </extension>
    <extension point="xbmc.addon.metadata">
        <platform>all</platform>
        <summary lang="en">Only the best Youtube clips</summary>
        <summary lang="de">Nur die besten Youtube Videos</summary>
        <language>en</language>
        <description lang="en">Only the best Youtube clips</description>
        <description lang="de">Nur die besten Youtube Videos</description>
    <platform>all</platform>
    </extension>
</addon>
